ticker,name,current_sector,current_group,proposed_sector,proposed_group,proposed_tags,action,revenue_basis,evidence_url,verification_status,notes
007660,이수페타시스,semi,기판·패키징 소재,semi,메모리 모듈·서버 기판,AI서버|네트워크|MLB|AI·메모리,group_change,"2026 반기: PCB 95.9%·상품 4.1% / 고다층 MLB 전용, 패키지기판 매출 없음",https://comp.wisereport.co.kr/company/c1020001.aspx?cmp_cd=007660,verified_secondary,"과반이 AI 서버·네트워크용 MLB. semi 유지, 그룹만 이동"
356860,티엘비,semi,기판·패키징 소재,semi,메모리 모듈·서버 기판,메모리모듈|SSD|AI·메모리,group_change,2026 반기: PCB 100% / 1Q26 DDR5 모듈 PCB 59%·SSD PCB 34%,https://comp.wisereport.co.kr/company/c1020001.aspx?cmp_cd=356860,verified_secondary,DDR5 모듈·SSD PCB. 메모리 사이클 연동으로 semi 유지. bigchip 관계 유지
009150,삼성전기,elec,전자부품·기판,elec,전자부품·기판,MLCC|카메라모듈|스마트폰|반도체기판(FC-BGA)|AI·메모리,tag_add,2026 반기: 컴포넌트 45.9%·광학통신 31.7%·패키지 22.5%,https://comp.wisereport.co.kr/company/c1020001.aspx?cmp_cd=009150,verified_secondary,"패키지기판은 과반 미만. 태그 반도체기판(FC-BGA), AI·메모리 추가"
078350,한양디지텍,elec,전자부품·기판,semi,메모리 모듈·서버 기판,메모리모듈|SSD|AI·메모리,move,"2026 반기: 메모리모듈 64.1%·SSD 34.3% (조립·테스트), 내수 99.99%",https://comp.wisereport.co.kr/company/c1020001.aspx?cmp_cd=078350,verified_secondary,메모리모듈 64%·SSD 34%. 메모리 사이클 연동으로 elec→semi
353200,대덕전자,semi,기판·패키징 소재,semi,기판·패키징 소재,FC-BGA|메모리패키지기판|MLB,tag_add,2025 3Q 누적: 메모리 패키지기판 52%·비메모리 패키지기판 32%·MLB 16%,https://www.mt.co.kr/stock/2026/06/16/2026061608055282845,verified_secondary,"그룹 유지. 태그 FC-BGA, 메모리패키지기판, MLB"
098460,고영,semi,검사·계측 장비,elec,전자·SMT 검사장비,SMT검사|반도체패키징검사|의료로봇,move,2Q26: 3D SPI 36%·3D AOI 50%·기타(반도체·의료로봇 등) 14%,https://stock.pstatic.net/stock-research/company/40/20260820_company_422486000.pdf,verified_secondary,SMT 검사 과반. 신설 elec 그룹. 디스플레이 장비와 분리
168360,펨트론,semi,검사·계측 장비,elec,전자·SMT 검사장비,SMT검사|반도체검사|HBM,move,3Q25 누적: SMT 74%·반도체 26%,https://stock.pstatic.net/stock-research/company/15/20260226_company_736457000.pdf,verified_secondary,SMT 검사 주력. 신설 elec 그룹. HBM 검사는 태그
323280,태성,semi,전공정 장비,semi,패키징 장비,FC-BGA|유리기판|PCB장비,group_change,공정별만 공시(2022 3Q 표면처리 48%·식각 22%) / 고객 업종 비중 미확인,https://news.mtn.co.kr/news-detail/2026090415441860843,unverified,FC-BGA·PCB 습식장비. 전공정 장비에서 패키징 장비로. semi 유지
178920,PI첨단소재,semi,기판·패키징 소재,elec,전자부품·기판,FPCB|방열시트|EV|반도체,move,2Q26: FPCB용 44%·첨단산업용(EV·반도체·우주) 28%·방열 27%,https://newstomato.com/ReadNews.aspx?no=1308799,verified_secondary,PI 필름 주력. SECTOR_EXCLUSIVE semi 해제 → elec
272290,이녹스첨단소재,semi,기판·패키징 소재,elec,디스플레이 소재,OLED소재|FPCB소재|반도체패키징소재,move,2025: OLED 소재 66%·FPCB 소재 25%·반도체 패키징 소재 8%,https://stock.pstatic.net/stock-research/company/61/20260519_company_62274000.pdf,verified_secondary,semi_needs_review_confirmed의 그룹 유지를 뒤집음. OLED·FPCB 소재가 주력
078600,대주전자재료,semi,기판·패키징 소재,elec,전자부품·기판,MLCC페이스트|태양전지페이스트|실리콘음극재,move,1Q26: 전도성 페이스트 68%(칩부품·MLCC·태양전지)·실리콘음극재 13%·기타 19%,https://stock.pstatic.net/stock-research/company/39/20260515_company_976221000.pdf,verified_secondary,기판·패키징 소재 정정과 SECTOR_EXCLUSIVE semi를 뒤집음. 페이스트·음극재가 주력
178320,서진시스템,semi,공정 부품·유지관리,semi,공정 부품·유지관리,ESS|통신장비|반도체장비부품,tag_add,2026 반기: 반도체장비 부품 45%·ESS 29~43%,https://www.mt.co.kr/stock/2026/08/20/2026082008029688754,verified_secondary,"그룹 유지. 태그 ESS, 통신장비, 반도체장비부품"
004710,한솔테크닉스,elec,전자부품·기판,elec,전자부품·기판,파워보드|EMS|반도체장비부품|전장,description_fix,2026 반기: 전자부품 32.6%·EMS 31.0%·반도체 15.8%·전장 14.9%·태양광 5.7%,https://dart.fss.or.kr/dsaf001/main.do?rcpNo=20260813001607,verified_dart,전자·화학 소재와 LED BLU 설명은 둘 다 오류. 파워보드·EMS로 교정
089010,켐트로닉스,elec,전자부품·기판,elec,전자부품·기판,PBA모듈|무선충전|반도체케미칼|전장,description_fix,2026 반기: 전자 56.3%·유통/기타 25.4%·반도체 12.1%·전장 6.2%,https://dart.fss.or.kr/dsaf001/main.do?rcpNo=20260814000921,verified_dart,전자 모듈·케미칼 설명으로 교정
025320,시노펙스,elec,전자부품·기판,elec,전자부품·기판,FPCB|반도체필터,tag_add,2026 반기: SE(FPCB) 87.7%·AMFS(필터) 12.3%,https://dart.fss.or.kr/dsaf001/main.do?rcpNo=20260814004084,verified_dart,"그룹 유지. 태그 FPCB, 반도체필터"
046890,서울반도체,elec,카메라·광학·센서,elec,LED·광반도체(TBD),LED|자동차|BLU|VCSEL,needs_decision,LED 99.3% / 용도: IT 40%·자동차 27%·조명 21%·UV·기타 11%,https://dart.fss.or.kr/dsaf001/main.do?rcpNo=20260814002237,verified_dart,기존 needs_review(LED 전용그룹 부재). elec 내 'LED·광반도체' 그룹 신설 여부 결정 필요 이번 작업 범위 밖. LED 그룹은 별도 과제.
092190,서울바이오시스,elec,카메라·광학·센서,elec,LED·광반도체(TBD),UV LED|LED,needs_decision,2026 반기: LED 42.8%·기타 57.2%(구성 미공시),https://dart.fss.or.kr/dsaf001/main.do?rcpNo=20260814003788,verified_dart,서울반도체와 동일. additions JSON chain='전자부품' vs 지도 '카메라·광학·센서' 불일치도 함께 정리 이번 작업 범위 밖. LED 그룹은 별도 과제.
017900,광전자,elec,카메라·광학·센서,elec,LED·광반도체(TBD),개별소자|광센서|LED,needs_decision,2026 반기: PKG 75.5%·FAB 24.1% (제품군별 비중 미공시),https://dart.fss.or.kr/dsaf001/main.do?rcpNo=20260814001564,verified_dart,순수 LED 아님(다이오드·트랜지스터·포토커플러). LED·광반도체 그룹 신설 시 함께 편입 이번 작업 범위 밖. LED 그룹은 별도 과제.
