ticker,sector,provisional_group,status,notes
096770,battery,"셀 제조",needs_review,잠정 배정 — 배포 전 제품/사업 근거 재확인
051910,battery,"양극재·전구체",needs_review,잠정 배정 — 배포 전 제품/사업 근거 재확인
086520,battery,"양극재·전구체",needs_review,잠정 배정 — 배포 전 제품/사업 근거 재확인
003670,battery,"양극재·전구체",needs_review,잠정 배정 — 배포 전 제품/사업 근거 재확인
001570,battery,"셀 제조",needs_review,잠정 배정 — 배포 전 제품/사업 근거 재확인
010060,renewable,"핵심 소재·부품",needs_review,잠정 배정 — 배포 전 제품/사업 근거 재확인
011930,renewable,"발전설비 제조",needs_review,잠정 배정 — 배포 전 제품/사업 근거 재확인
010120,powergrid,"개폐·배전기기",needs_review,잠정 배정 — 배포 전 제품/사업 근거 재확인
103590,powergrid,"전선·케이블",needs_review,잠정 배정 — 배포 전 제품/사업 근거 재확인
