종목코드,종목명,시장구분,업종명,종가,대비,등락률,시가총액
"095570","AJ네트웍스","KOSPI","일반서비스","4460","105","2.41","201827305140"
"006840","AK홀딩스","KOSPI","기타금융","6360","40","0.63","84254487960"
"027410","BGF","KOSPI","기타금융","4105","35","0.86","392917427055"
"282330","BGF리테일","KOSPI","유통","129300","1300","1.02","2234809045800"
"138930","BNK금융지주","KOSPI","기타금융","17670","850","5.05","5483478673110"
"001460","BYC","KOSPI","섬유·의류","37050","1150","3.20","231419857500"
"001465","BYC우","KOSPI","섬유·의류","25300","400","1.61","54492405000"
"001040","CJ","KOSPI","기타금융","174500","1500","0.87","5091386151000"
"079160","CJ CGV","KOSPI","오락·문화","4505","75","1.69","745948644425"
"00104K","CJ4우(전환)","KOSPI","기타금융","163400","3400","2.13","690612060800"
"000120","CJ대한통운","KOSPI","운송·창고","82700","2900","3.63","1886580848800"
"011150","CJ씨푸드","KOSPI","음식료·담배","2110","75","3.69","75813931030"
"011155","CJ씨푸드1우","KOSPI","음식료·담배","9610","90","0.95","1922000000"
"001045","CJ우","KOSPI","기타금융","73300","300","0.41","165674345900"
"097950","CJ제일제당","KOSPI","음식료·담배","198700","4000","2.05","2991266758200"
"097955","CJ제일제당 우","KOSPI","음식료·담배","124300","2800","2.30","164999921900"
"000480","CR홀딩스","KOSPI","비금속","4840","90","1.89","226949971600"
"000590","CS홀딩스","KOSPI","기타금융","71900","-800","-1.10","83007255800"
"012030","DB","KOSPI","IT 서비스","1969","59","3.09","396111474077"
"005830","DB손해보험","KOSPI","보험","148200","8200","5.86","9707151721800"
"016610","DB증권","KOSPI","증권","10730","380","3.67","455449753970"
"000990","DB하이텍","KOSPI","전기·전자","174300","19100","12.31","7582849688400"
"000300","DH오토넥스","KOSPI","운송장비·부품","4200","0","0.00","174035631000"
"001530","DI동일","KOSPI","유통","23250","800","3.56","481638188250"
"015590","DKME","KOSPI","기계·장비","2040","-30","-1.45","108928468320"
"000210","DL","KOSPI","화학","54000","2000","3.85","1131617736000"
"000215","DL우","KOSPI","화학","23500","700","3.07","39623702500"
"375500","DL이앤씨","KOSPI","건설","73900","3700","5.27","2859458739700"
"37550L","DL이앤씨2우(전환)","KOSPI","건설","45250","2450","5.72","95565782750"
"37550K","DL이앤씨우","KOSPI","건설","24300","1500","6.58","51367405500"
"007340","DN오토모티브","KOSPI","전기·전자","40300","350","0.88","2357987859500"
"004840","DRB동일","KOSPI","화학","4450","130","3.01","85762019800"
"155660","DSR","KOSPI","금속","4280","120","2.88","68480000000"
"069730","DSR제강","KOSPI","금속","5290","120","2.32","76176000000"
"017860","DS단석","KOSPI","화학","14970","20","0.13","265854310830"
"092780","DYP","KOSPI","운송장비·부품","4385","60","1.39","57743697100"
"017940","E1","KOSPI","유통","87600","2700","3.18","600936000000"
"365550","ESR켄달스퀘어리츠","KOSPI","부동산","3635","-30","-0.82","894533515000"
"383220","F&F","KOSPI","섬유·의류","85900","2700","3.25","3290577742500"
"007700","F&F홀딩스","KOSPI","기타금융","16490","-110","-0.66","644995911830"
"114090","GKL","KOSPI","오락·문화","12070","-240","-1.95","746597936900"
"078930","GS","KOSPI","기타금융","72500","800","1.12","6734923387500"
"006360","GS건설","KOSPI","건설","28800","2600","9.92","2464746912000"
"001250","GS글로벌","KOSPI","유통","2980","145","5.11","245950616720"
"007070","GS리테일","KOSPI","유통","24550","800","3.37","2052562038250"
"078935","GS우","KOSPI","기타금융","53600","1100","2.10","95390633600"
"499790","GS피앤엘","KOSPI","기타금융","48200","-2600","-5.12","955846536200"
"012630","HDC","KOSPI","기타금융","21150","1290","6.50","1263537399150"
"039570","HDC랩스","KOSPI","건설","7920","140","1.80","205584199920"
"089470","HDC현대EP","KOSPI","화학","4060","45","1.12","129514000000"
"267270","HD건설기계","KOSPI","기계·장비","142600","-500","-0.35","6833662512200"
"009540","HD한국조선해양","KOSPI","기타금융","398000","22500","5.99","28167700168000"
"267250","HD현대","KOSPI","기타금융","244000","-1500","-0.61","19274312740000"
"443060","HD현대마린솔루션","KOSPI","일반서비스","247500","2000","0.81","11096281350000"
"071970","HD현대마린엔진","KOSPI","기계·장비","66000","3700","5.94","2238818670000"
"322000","HD현대에너지솔루션","KOSPI","전기·전자","150500","-2500","-1.63","1685600000000"
"267260","HD현대일렉트릭","KOSPI","전기·전자","1130000","97000","9.39","40733262550000"
"329180","HD현대중공업","KOSPI","운송장비·부품","650000","4000","0.62","68224796250000"
"097230","HJ중공업","KOSPI","건설","21600","800","3.85","1950379430400"
"014790","HL D&I","KOSPI","건설","2625","115","4.58","99378827625"
"003580","HLB글로벌","KOSPI","유통","1503","44","3.02","76147248015"
"204320","HL만도","KOSPI","운송장비·부품","65000","15000","30.00","3052212800000"
"060980","HL홀딩스","KOSPI","기타금융","46000","5000","12.20","417626962000"
"011200","HMM","KOSPI","운송·창고","20050","1200","6.37","18911921298500"
"035000","HS애드","KOSPI","일반서비스","7480","40","0.54","121233177120"
"002460","HS화성","KOSPI","건설","13330","1150","9.44","135299500000"
"487570","HS효성","KOSPI","기타금융","52700","2500","4.98","196356352900"
"298050","HS효성첨단소재","KOSPI","화학","197900","3500","1.80","886581709200"
"015360","INVENI","KOSPI","일반서비스","15330","460","3.09","417742500000"
"294870","IPARK현대산업개발","KOSPI","건설","19920","580","3.00","1312874013600"
"175330","JB금융지주","KOSPI","기타금융","26700","700","2.69","5026370692800"
"234080","JW생명과학","KOSPI","제약","11410","230","2.06","180672261140"
"001060","JW중외제약","KOSPI","제약","27050","550","2.08","629884406500"
"001067","JW중외제약2우B","KOSPI","제약","45500","0","0.00","9553771500"
"001065","JW중외제약우","KOSPI","제약","21150","-350","-1.63","7232263650"
"096760","JW홀딩스","KOSPI","기타금융","3850","75","1.99","284611026700"
"008970","KBI동양철관","KOSPI","금속","1421","71","5.26","147452774847"
"105560","KB금융","KOSPI","기타금융","161200","9700","6.40","57175662720800"
"415640","KB발해인프라","KOSPI","기타금융","9810","-90","-0.91","1202171825880"
"432320","KB스타리츠","KOSPI","부동산","1504","-8","-0.53","226749484640"
"002380","KCC","KOSPI","화학","504000","13500","2.75","4330819584000"
"344820","KCC글라스","KOSPI","비금속","23100","1150","5.24","368918827200"
"009070","KCTC","KOSPI","운송·창고","4445","200","4.71","133350000000"
"009440","KC그린홀딩스","KOSPI","기타금융","756","0","0.00","17568790596"
"119650","KC코트렐","KOSPI","기계·장비","918","0","0.00","100782913662"
"092220","KEC","KOSPI","전기·전자","4235","225","5.61","170046379580"
"003620","KG모빌리티","KOSPI","운송장비·부품","3185","85","2.74","644564094720"
"016380","KG스틸","KOSPI","금속","6120","300","5.15","612054449640"
"001390","KG케미칼","KOSPI","화학","4715","210","4.66","317003736450"
"001940","KISCO홀딩스","KOSPI","금속","23250","0","0.00","329600835000"
"025000","KPX케미칼","KOSPI","화학","50600","600","1.20","221562675400"
"092230","KPX홀딩스","KOSPI","화학","82800","-200","-0.24","349800688800"
"000040","KR모터스","KOSPI","운송장비·부품","341","1","0.29","29453937744"
"044450","KSS해운","KOSPI","운송·창고","9840","230","2.39","227165059200"
"030200","KT","KOSPI","통신","54800","-5200","-8.67","13810788338000"
"033780","KT&G","KOSPI","음식료·담배","187800","2700","1.46","19495603636800"
"058850","KTcs","KOSPI","IT 서비스","2420","65","2.76","100198769000"
"058860","KTis","KOSPI","IT 서비스","2620","35","1.35","91181240000"
"093050","LF","KOSPI","섬유·의류","23500","1500","6.82","687140000000"
"003550","LG","KOSPI","기타금융","106500","-1000","-0.93","16101948426000"
"034220","LG디스플레이","KOSPI","전기·전자","13900","1050","8.17","6950000000000"
"051900","LG생활건강","KOSPI","화학","242000","3500","1.47","3700485404000"
"051905","LG생활건강우","KOSPI","화학","105000","4000","3.96","220107195000"
"064400","LG씨엔에스","KOSPI","IT 서비스","92800","-200","-0.22","8991015974400"
"373220","LG에너지솔루션","KOSPI","전기·전자","400000","15500","4.03","93600000000000"
"003555","LG우","KOSPI","기타금융","68600","-700","-1.01","206568251400"
"032640","LG유플러스","KOSPI","통신","15950","560","3.64","6769622325400"
"011070","LG이노텍","KOSPI","전기·전자","1036000","-36000","-3.36","24519122852000"
"066570","LG전자","KOSPI","전기·전자","225500","-500","-0.22","36730485869000"
"066575","LG전자우","KOSPI","전기·전자","78800","1500","1.94","1353886361200"
"037560","LG헬로비전","KOSPI","오락·문화","2190","-20","-0.90","169608634350"
"051910","LG화학","KOSPI","화학","345000","28500","9.00","24354358335000"
"051915","LG화학우","KOSPI","화학","156800","10800","7.40","1205603840000"
"079550","LIG디펜스앤에어로스페이스","KOSPI","금속","772000","8000","1.05","16984000000000"
"006260","LS","KOSPI","기타금융","386500","13000","3.48","12058800000000"
"010120","LS ELECTRIC","KOSPI","전기·전자","222500","-7000","-3.05","33375000000000"
"000680","LS네트웍스","KOSPI","유통","3165","105","3.43","249411545640"
"229640","LS에코에너지","KOSPI","기타금융","61600","3600","6.21","1886492546400"
"108320","LX세미콘","KOSPI","전기·전자","50200","1550","3.19","816467860000"
"001120","LX인터내셔널","KOSPI","유통","40050","50","0.13","1552338000000"
"108670","LX하우시스","KOSPI","화학","33200","1000","3.11","297726644000"
"108675","LX하우시스우","KOSPI","화학","16210","390","2.47","16734069300"
"383800","LX홀딩스","KOSPI","기타금융","8150","260","3.30","621687623500"
"38380K","LX홀딩스1우","KOSPI","기타금융","7950","140","1.79","11649015750"
"023150","MH에탄올","KOSPI","음식료·담배","4335","110","2.60","31985910210"
"035420","NAVER","KOSPI","IT 서비스","247000","23000","10.27","38747822672000"
"036570","NC","KOSPI","IT 서비스","263000","3000","1.15","5666077786000"
"181710","NHN","KOSPI","IT 서비스","39800","-300","-0.75","1303574932200"
"400760","NH올원리츠","KOSPI","부동산","3000","-5","-0.17","164787825000"
"005940","NH투자증권","KOSPI","증권","31750","550","1.76","11313933715750"
"005945","NH투자증권우","KOSPI","증권","24700","350","1.44","466112909600"
"338100","NH프라임리츠","KOSPI","부동산","3670","35","0.96","68482200000"
"034310","NICE","KOSPI","일반서비스","12180","-200","-1.62","447702172260"
"030190","NICE평가정보","KOSPI","IT 서비스","14630","-110","-0.75","861875640010"
"008260","NI스틸","KOSPI","금속","3090","130","4.39","88374361530"
"004250","NPC","KOSPI","화학","3170","50","1.60","116402400000"
"004255","NPC우","KOSPI","화학","2050","10","0.49","10824000000"
"456040","OCI","KOSPI","화학","105300","-800","-0.75","942697723500"
"010060","OCI홀딩스","KOSPI","기타금융","300000","16500","5.82","5601069600000"
"178920","PI첨단소재","KOSPI","화학","23850","1150","5.07","700386779700"
"001340","PKC","KOSPI","화학","6240","530","9.28","280975275360"
"005490","POSCO홀딩스","KOSPI","금속","377000","19000","5.31","29874055679000"
"010950","S-Oil","KOSPI","화학","111400","-1700","-1.50","12541723028800"
"010955","S-Oil우","KOSPI","화학","53500","200","0.38","215173094500"
"034120","SBS","KOSPI","오락·문화","12470","180","1.46","231333937860"
"003080","SB성보","KOSPI","화학","2230","5","0.22","44644600000"
"005090","SGC에너지","KOSPI","전기·가스","58400","6200","11.88","841505047200"
"001380","SG글로벌","KOSPI","운송장비·부품","1489","56","3.91","33475803719"
"004060","SG세계물산","KOSPI","유통","2985","45","1.53","60423850560"
"001770","SHD","KOSPI","금속","13560","270","2.03","16473745680"
"002360","SH에너지화학","KOSPI","화학","2030","0","0.00","22560147190"
"009160","SIMPAC","KOSPI","금속","4515","-20","-0.44","295149920520"
"033530","SJG세종","KOSPI","운송장비·부품","6910","330","5.02","192242840510"
"123700","SJM","KOSPI","운송장비·부품","3255","10","0.31","50793942990"
"025530","SJM홀딩스","KOSPI","유통","3500","85","2.49","52269028000"
"034730","SK","KOSPI","기타금융","593000","18000","3.13","42994102879000"
"011790","SKC","KOSPI","화학","140300","300","0.21","6958641209400"
"018670","SK가스","KOSPI","유통","222000","-2500","-1.11","2055108168000"
"001740","SK네트웍스","KOSPI","유통","13000","1330","11.40","2607720557000"
"006120","SK디스커버리","KOSPI","기타금융","46400","1600","3.57","807998046400"
"006125","SK디스커버리우","KOSPI","기타금융","37900","550","1.47","46681619500"
"210980","SK디앤디","KOSPI","부동산","11460","-40","-0.35","213355197720"
"395400","SK리츠","KOSPI","부동산","5410","-610","-10.13","1628505324200"
"302440","SK바이오사이언스","KOSPI","제약","39200","-150","-0.38","3075496877600"
"326030","SK바이오팜","KOSPI","일반서비스","87900","-600","-0.68","6883734675000"
"402340","SK스퀘어","KOSPI","기타금융","1358000","130000","10.59","179199488188000"
"361610","SK아이이테크놀로지","KOSPI","전기·전자","18610","-1890","-9.22","1522057931000"
"100090","SK오션플랜트","KOSPI","금속","15660","440","2.89","978407500140"
"03473K","SK우","KOSPI","기타금융","386000","6000","1.58","218528110000"
"096770","SK이노베이션","KOSPI","화학","106100","2900","2.81","17936500806800"
"096775","SK이노베이션우","KOSPI","화학","63000","2700","4.48","78650838000"
"475150","SK이터닉스","KOSPI","건설","43000","2450","6.04","1464881172000"
"001510","SK증권","KOSPI","증권","3345","465","16.15","773682059325"
"001515","SK증권우","KOSPI","증권","5500","400","7.84","10759413500"
"285130","SK케미칼","KOSPI","화학","44050","-500","-1.12","762010642300"
"28513K","SK케미칼우","KOSPI","화학","23000","550","2.45","48654867000"
"017670","SK텔레콤","KOSPI","통신","103000","3000","3.00","22123375459000"
"000660","SK하이닉스","KOSPI","전기·전자","2150000","49000","2.33","1532310084750000"
"003570","SNT다이내믹스","KOSPI","운송장비·부품","40900","250","0.62","1360035307300"
"064960","SNT모티브","KOSPI","운송장비·부품","29900","1000","3.46","793554132800"
"100840","SNT에너지","KOSPI","기계·장비","33600","650","1.97","694874308800"
"036530","SNT홀딩스","KOSPI","기타금융","51000","-400","-0.78","831498186000"
"000390","SP삼화","KOSPI","화학","6600","70","1.07","179542895400"
"011810","STX","KOSPI","유통","3530","0","0.00","109493282310"
"465770","STX그린로지스","KOSPI","운송·창고","2895","-485","-14.35","20760137640"
"077970","STX엔진","KOSPI","기계·장비","32300","650","2.05","1296782434900"
"002820","SUN&L","KOSPI","화학","1993","78","4.07","25127722077"
"002170","SYTS","KOSPI","섬유·의류","50500","1000","2.02","151500000000"
"084870","TBH글로벌","KOSPI","섬유·의류","1800","-75","-4.00","36824860800"
"002710","TCC스틸","KOSPI","금속","13000","1060","8.88","340778061000"
"069260","TKG휴켐스","KOSPI","화학","15690","-370","-2.30","641385045720"
"007980","TP","KOSPI","섬유·의류","1796","50","2.86","84227640600"
"002900","TYM","KOSPI","기계·장비","6480","360","5.88","268272000000"
"024070","WISCOM","KOSPI","화학","1899","67","3.66","29104905762"
"037270","YG PLUS","KOSPI","IT 서비스","3950","210","5.61","251469284500"
"139130","iM금융지주","KOSPI","기타금융","17700","-620","-3.38","2843055119100"
"000500","가온전선","KOSPI","전기·전자","252000","-72000","-22.22","4168864980000"
"000860","강남제비스코","KOSPI","화학","13310","410","3.18","173030000000"
"035250","강원랜드","KOSPI","오락·문화","15700","100","0.64","3358865850000"
"011420","갤럭시아에스엠","KOSPI","오락·문화","1430","61","4.46","39395990920"
"002100","경농","KOSPI","화학","9100","20","0.22","177655432500"
"009450","경동나비엔","KOSPI","전기·전자","68100","-800","-1.16","992121115200"
"267290","경동도시가스","KOSPI","전기·가스","20350","200","0.99","119971512100"
"012320","경동인베스트","KOSPI","기타금융","49150","300","0.61","116240880450"
"000050","경방","KOSPI","유통","8350","170","2.08","228917504500"
"214390","경보제약","KOSPI","제약","5370","110","2.09","128379838200"
"012610","경인양행","KOSPI","화학","4265","185","4.53","177493796725"
"009140","경인전자","KOSPI","전기·전자","25900","-600","-2.26","40683642300"
"013580","계룡건설","KOSPI","건설","20100","540","2.76","179511230700"
"012200","계양전기","KOSPI","기계·장비","6120","210","3.55","166603713480"
"012205","계양전기우","KOSPI","기계·장비","9160","210","2.35","10708763640"
"002140","고려산업","KOSPI","음식료·담배","2015","45","2.28","50252941375"
"010130","고려아연","KOSPI","금속","1201000","37000","3.18","25068435769000"
"002240","고려제강","KOSPI","금속","19030","900","4.96","513810000000"
"009290","광동제약","KOSPI","제약","6380","100","1.59","317722775040"
"017040","광명전기","KOSPI","전기·전자","932","0","0.00","40390657180"
"017900","광전자","KOSPI","전기·전자","9300","210","2.31","538876995900"
"037710","광주신세계","KOSPI","유통","37100","550","1.50","282968081200"
"030610","교보증권","KOSPI","증권","10940","150","1.39","1246754793340"
"339770","교촌에프앤비","KOSPI","유통","4065","65","1.63","203108050200"
"007690","국도화학","KOSPI","화학","31950","500","1.59","295883582400"
"002720","국제약품","KOSPI","제약","3520","65","1.88","74482608640"
"083420","그린케미칼","KOSPI","화학","4760","215","4.73","114240000000"
"014530","극동유화","KOSPI","화학","3300","-10","-0.30","115069086000"
"014280","금강공업","KOSPI","금속","4520","425","10.38","132568693640"
"014285","금강공업우","KOSPI","금속","6420","270","4.39","3786997500"
"008870","금비","KOSPI","비금속","40100","50","0.12","40100000000"
"001570","금양","KOSPI","화학","9900","0","0.00","633275240400"
"002990","금호건설","KOSPI","건설","3850","150","4.05","143450899900"
"002995","금호건설우","KOSPI","건설","12440","960","8.36","3635789040"
"011780","금호석유화학","KOSPI","화학","123200","3500","2.92","3099382440000"
"011785","금호석유화학우","KOSPI","화학","52500","400","0.77","158733015000"
"214330","금호에이치티","KOSPI","운송장비·부품","2555","0","0.00","53434909745"
"001210","금호전기","KOSPI","전기·전자","502","9","1.83","31063801666"
"073240","금호타이어","KOSPI","화학","4790","270","5.97","1375976774730"
"092440","기신정기","KOSPI","기계·장비","1959","71","3.76","57202800000"
"000270","기아","KOSPI","운송장비·부품","166800","10800","6.92","65120888066400"
"024110","기업은행","KOSPI","은행","21800","850","4.06","17383883944200"
"013700","까뮤이앤씨","KOSPI","건설","1144","23","2.05","68354949520"
"004540","깨끗한나라","KOSPI","종이·목재","1596","-14","-0.87","59436146028"
"004545","깨끗한나라우","KOSPI","종이·목재","8530","-260","-2.96","3123344800"
"001260","남광토건","KOSPI","건설","7900","600","8.22","77677318800"
"008350","남선알미늄","KOSPI","금속","1254","19","1.54","161865178860"
"008355","남선알미우","KOSPI","금속","10060","20","0.20","3097373400"
"004270","남성","KOSPI","유통","7020","-80","-1.13","25420936320"
"003920","남양유업","KOSPI","음식료·담배","43550","-1050","-2.35","261300000000"
"003925","남양유업우","KOSPI","음식료·담배","33850","100","0.30","67700000000"
"025860","남해화학","KOSPI","화학","6350","120","1.93","315460653050"
"005720","넥센","KOSPI","화학","6230","130","2.13","327348976710"
"005725","넥센우","KOSPI","화학","4380","80","1.86","15770628000"
"002350","넥센타이어","KOSPI","화학","7420","480","6.92","724695647340"
"002355","넥센타이어1우B","KOSPI","화학","4030","100","2.54","26195000000"
"092790","넥스틸","KOSPI","금속","14270","420","3.03","371048540000"
"251270","넷마블","KOSPI","IT 서비스","42450","-600","-1.39","3478122538950"
"090350","노루페인트","KOSPI","화학","7800","-10","-0.13","156000000000"
"090355","노루페인트우","KOSPI","화학","10900","-110","-1.00","5048073400"
"000320","노루홀딩스","KOSPI","기타금융","17630","380","2.20","234322992130"
"000325","노루홀딩스우","KOSPI","기타금융","27600","150","0.55","6722228400"
"006280","녹십자","KOSPI","제약","126400","2200","1.77","1477178403200"
"005250","녹십자홀딩스","KOSPI","일반서비스","10710","-640","-5.64","503672129100"
"005257","녹십자홀딩스2우","KOSPI","일반서비스","20350","-100","-0.49","17215896500"
"004370","농심","KOSPI","음식료·담배","377500","2500","0.67","2296197355000"
"072710","농심홀딩스","KOSPI","기타금융","93300","3000","3.32","432705807000"
"058730","다스코","KOSPI","금속","2640","80","3.13","52663303440"
"030210","다올투자증권","KOSPI","증권","3675","165","4.70","223848314550"
"023590","다우기술","KOSPI","IT 서비스","39300","800","2.08","1701191361600"
"145210","다이나믹디자인","KOSPI","기계·장비","224","0","0.00","9461013632"
"483650","달바글로벌","KOSPI","화학","193700","-17300","-8.20","2415277260500"
"019680","대교","KOSPI","일반서비스","1143","6","0.53","96815357550"
"019685","대교우B","KOSPI","일반서비스","715","-9","-1.24","13890297850"
"006370","대구백화점","KOSPI","유통","4950","-25","-0.50","53566974450"
"008060","대덕","KOSPI","기타금융","20500","880","4.49","641385509000"
"00806K","대덕1우","KOSPI","기타금융","12290","340","2.85","14899867530"
"353200","대덕전자","KOSPI","전기·전자","165200","8400","5.36","8163676010000"
"35320K","대덕전자1우","KOSPI","전기·전자","34600","950","2.82","72504957400"
"000490","대동","KOSPI","기계·장비","8020","530","7.08","231191457300"
"005750","대림바스","KOSPI","비금속","4410","15","0.34","73171778400"
"006570","대림통상","KOSPI","금속","1900","0","0.00","28927500000"
"001680","대상","KOSPI","음식료·담배","18560","750","4.21","643067344000"
"001685","대상우","KOSPI","음식료·담배","14500","100","0.69","19868233500"
"084690","대상홀딩스","KOSPI","기타금융","8480","230","2.79","307082322240"
"084695","대상홀딩스우","KOSPI","기타금융","13110","230","1.79","11975749020"
"128820","대성산업","KOSPI","유통","5170","-10","-0.19","233867421260"
"117580","대성에너지","KOSPI","전기·가스","7170","90","1.27","197175000000"
"016710","대성홀딩스","KOSPI","일반서비스","7180","100","1.41","115522315620"
"0030R0","대신밸류리츠","KOSPI","기타금융","4150","200","5.06","248087000000"
"003540","대신증권","KOSPI","증권","29600","1000","3.50","1456904984800"
"003547","대신증권2우B","KOSPI","증권","19770","410","2.12","193811893410"
"003545","대신증권우","KOSPI","증권","20300","250","1.25","511390840100"
"009190","대양금속","KOSPI","금속","1904","29","1.55","83749867600"
"014160","대영포장","KOSPI","종이·목재","839","26","3.20","90943026611"
"047040","대우건설","KOSPI","건설","21850","1400","6.85","8978331890300"
"003090","대웅","KOSPI","제약","18090","40","0.22","1051788418200"
"069620","대웅제약","KOSPI","제약","120100","-200","-0.17","1391547657500"
"000430","대원강업","KOSPI","운송장비·부품","5060","115","2.33","313720000000"
"006340","대원전선","KOSPI","전기·전자","10470","470","4.70","820998935520"
"006345","대원전선우","KOSPI","전기·전자","10750","400","3.86","28177900000"
"003220","대원제약","KOSPI","제약","9240","0","0.00","207230866920"
"024890","대원화성","KOSPI","화학","2810","20","0.72","23182022300"
"012800","대창","KOSPI","금속","1267","17","1.36","115475012233"
"015230","대창단조","KOSPI","운송장비·부품","6150","130","2.16","166933263000"
"001070","대한방직","KOSPI","섬유·의류","5850","-100","-1.68","31005000000"
"006650","대한유화","KOSPI","화학","124700","3800","3.14","810550000000"
"001440","대한전선","KOSPI","전기·전자","37850","900","2.44","7418319758600"
"084010","대한제강","KOSPI","금속","8780","540","6.55","301782612880"
"001790","대한제당","KOSPI","음식료·담배","2460","50","2.07","212155110900"
"001795","대한제당우","KOSPI","음식료·담배","2135","40","1.91","13840692600"
"001130","대한제분","KOSPI","음식료·담배","11850","440","3.86","200265000000"
"439260","대한조선","KOSPI","운송장비·부품","61900","1900","3.17","2357692387000"
"003490","대한항공","KOSPI","운송·창고","26600","1800","7.26","9794669582600"
"003495","대한항공우","KOSPI","운송·창고","21850","450","2.10","24270848900"
"005880","대한해운","KOSPI","운송·창고","2025","79","4.06","653563363500"
"003830","대한화섬","KOSPI","화학","114300","0","0.00","151790400000"
"016090","대현","KOSPI","섬유·의류","1554","13","0.84","68814709740"
"069460","대호에이엘","KOSPI","금속","2660","0","0.00","46322277400"
"475560","더본코리아","KOSPI","유통","16150","110","0.69","239471715500"
"192080","더블유게임즈","KOSPI","IT 서비스","71000","-3600","-4.83","1503316228000"
"012510","더존비즈온","KOSPI","IT 서비스","120000","0","0.00","3494865960000"
"004830","덕성","KOSPI","화학","3695","95","2.64","57937600000"
"004835","덕성우","KOSPI","화학","5140","-50","-0.96","7154880000"
"145720","덴티움","KOSPI","의료·정밀기기","45650","1000","2.24","393680624150"
"002150","도화엔지니어링","KOSPI","일반서비스","5300","300","6.00","178716000000"
"460850","동국씨엠","KOSPI","금속","5250","170","3.35","156967944000"
"460860","동국제강","KOSPI","금속","9500","370","4.05","471276161500"
"001230","동국홀딩스","KOSPI","기타금융","1846","29","1.60","287067241890"
"023450","동남합성","KOSPI","화학","29100","100","0.34","101850000000"
"004140","동방","KOSPI","운송·창고","2010","83","4.31","96423249660"
"007590","동방아그로","KOSPI","화학","5810","-10","-0.17","79118122370"
"005960","동부건설","KOSPI","건설","6350","310","5.13","145711310050"
"005965","동부건설우","KOSPI","건설","17000","800","4.94","3837444000"
"026960","동서","KOSPI","유통","25500","50","0.20","2542350000000"
"002210","동성제약","KOSPI","제약","973","0","0.00","94010780311"
"102260","동성케미컬","KOSPI","화학","3860","40","1.05","195584621260"
"000640","동아쏘시오홀딩스","KOSPI","기타금융","82100","-300","-0.36","552740466700"
"170900","동아에스티","KOSPI","제약","36950","150","0.41","359442912050"
"028100","동아지질","KOSPI","건설","16080","1180","7.92","215303192160"
"001520","동양","KOSPI","비금속","577","21","3.78","137720704351"
"001527","동양2우B","KOSPI","비금속","7250","150","2.11","3469625250"
"084670","동양고속","KOSPI","운송·창고","36150","0","0.00","104674819350"
"082640","동양생명","KOSPI","보험","7740","340","4.59","1207924376940"
"001525","동양우","KOSPI","비금속","4420","230","5.49","2730371020"
"018500","동원금속","KOSPI","운송장비·부품","1602","156","10.79","74901402666"
"006040","동원산업","KOSPI","기타금융","33750","1450","4.49","1489752641250"
"030720","동원수산","KOSPI","농업, 임업 및 어업","6070","90","1.51","28248596350"
"014820","동원시스템즈","KOSPI","화학","21950","500","2.33","636358639900"
"014825","동원시스템즈우","KOSPI","화학","14300","10","0.07","3776787300"
"111380","동인기연","KOSPI","섬유·의류","13160","260","2.02","80644480000"
"163560","동일고무벨트","KOSPI","화학","6270","100","1.62","87153000000"
"004890","동일산업","KOSPI","금속","36200","-200","-0.55","87792783000"
"002690","동일제강","KOSPI","금속","1366","40","3.02","27730291760"
"000020","동화약품","KOSPI","제약","5330","20","0.38","148874735100"
"000150","두산","KOSPI","전기·전자","1896000","275000","16.96","30703511160000"
"000157","두산2우B","KOSPI","전기·전자","447500","8000","1.82","399634505000"
"454910","두산로보틱스","KOSPI","기계·장비","110400","1100","1.01","7156125792000"
"241560","두산밥캣","KOSPI","기계·장비","64700","300","0.47","6201887405500"
"034020","두산에너빌리티","KOSPI","기계·장비","93100","4500","5.08","59636242692600"
"000155","두산우","KOSPI","전기·전자","561000","6000","1.08","2242015182000"
"336260","두산퓨얼셀","KOSPI","전기·전자","73100","2600","3.69","4787591370600"
"33626K","두산퓨얼셀1우","KOSPI","전기·전자","8200","360","4.59","109586440000"
"33626L","두산퓨얼셀2우B","KOSPI","전기·전자","9080","420","4.85","27115604000"
"016740","두올","KOSPI","운송장비·부품","4435","80","1.84","127169296440"
"192650","드림텍","KOSPI","전기·전자","5860","1345","29.79","404188806140"
"024090","디씨엠","KOSPI","금속","11070","80","0.73","126198000000"
"003160","디아이","KOSPI","의료·정밀기기","28400","-800","-2.74","803720000000"
"092200","디아이씨","KOSPI","운송장비·부품","9940","140","1.43","386552375860"
"377190","디앤디플랫폼리츠","KOSPI","부동산","2150","-110","-4.87","190060000000"
"013570","디와이","KOSPI","기타금융","3930","125","3.29","103436157690"
"024900","디와이덕양","KOSPI","운송장비·부품","1901","30","1.60","61906026980"
"002880","디와이에이","KOSPI","운송장비·부품","808","12","1.51","37793387960"
"210540","디와이파워","KOSPI","기계·장비","12420","170","1.39","137138013360"
"032350","롯데관광개발","KOSPI","일반서비스","17820","-270","-1.49","1418498266680"
"089860","롯데렌탈","KOSPI","일반서비스","30800","200","0.65","1118329150400"
"330590","롯데리츠","KOSPI","부동산","3780","45","1.20","1092302381520"
"000400","롯데손해보험","KOSPI","보험","1899","35","1.88","589328671680"
"023530","롯데쇼핑","KOSPI","유통","195600","-6400","-3.17","5533280478000"
"020150","롯데에너지머티리얼즈","KOSPI","전기·전자","56500","8550","17.83","2958648659500"
"280360","롯데웰푸드","KOSPI","음식료·담배","108300","3300","3.14","996855364200"
"286940","롯데이노베이트","KOSPI","IT 서비스","19850","290","1.48","300317934950"
"004000","롯데정밀화학","KOSPI","화학","48150","-700","-1.43","1242270000000"
"004990","롯데지주","KOSPI","기타금융","26550","-100","-0.38","2646073252800"
"00499K","롯데지주우","KOSPI","기타금융","24900","600","2.47","20059514700"
"005300","롯데칠성","KOSPI","음식료·담배","105600","4200","4.14","979850150400"
"005305","롯데칠성우","KOSPI","음식료·담배","70500","1200","1.73","54659355000"
"011170","롯데케미칼","KOSPI","화학","76500","500","0.66","3272319553500"
"071840","롯데하이마트","KOSPI","유통","6750","160","2.43","159352056000"
"027740","마니커","KOSPI","음식료·담배","1260","-80","-5.97","40012073640"
"357430","마스턴프리미어리츠","KOSPI","부동산","676","1","0.15","20621587532"
"001080","만호제강","KOSPI","금속","4260","220","5.45","176790000000"
"088980","맥쿼리인프라","KOSPI","기타금융","11070","140","1.28","5301666462510"
"094800","맵스리얼티","KOSPI","기타금융","5800","40","0.69","538439119800"
"138040","메리츠금융지주","KOSPI","기타금융","108900","2900","2.74","18224118029700"
"090370","메타랩스","KOSPI","섬유·의류","1086","9","0.84","27046492254"
"118000","메타케어","KOSPI","유통","1467","6","0.41","25199738712"
"017180","명문제약","KOSPI","제약","1290","23","1.82","43799955660"
"009900","명신산업","KOSPI","운송장비·부품","8520","550","6.90","447045533160"
"317450","명인제약","KOSPI","제약","43350","50","0.12","632910000000"
"012690","모나리자","KOSPI","종이·목재","1689","20","1.20","61768849695"
"005360","모나미","KOSPI","유통","1327","22","1.69","25076726389"
"070960","모나용평","KOSPI","일반서비스","2470","0","0.00","118889332510"
"009680","모토닉","KOSPI","운송장비·부품","10140","200","2.01","220373573160"
"009580","무림P&P","KOSPI","종이·목재","1850","75","4.23","115381399400"
"009200","무림페이퍼","KOSPI","종이·목재","1511","49","3.35","62871667410"
"033920","무학","KOSPI","음식료·담배","7810","20","0.26","222585000000"
"008420","문배철강","KOSPI","금속","2235","-30","-1.32","45825333675"
"025560","미래산업","KOSPI","의료·정밀기기","47250","8050","20.54","240541623000"
"007120","미래아이앤지","KOSPI","IT 서비스","1291","50","4.03","37282282928"
"396690","미래에셋글로벌리츠","KOSPI","부동산","1513","29","1.95","59923787220"
"357250","미래에셋맵스리츠","KOSPI","부동산","1857","13","0.70","46415909985"
"085620","미래에셋생명","KOSPI","보험","28300","-1050","-3.58","3825594000000"
"006800","미래에셋증권","KOSPI","증권","52300","1200","2.35","29265347824000"
"00680K","미래에셋증권2우B","KOSPI","증권","14220","320","2.30","1941030000000"
"006805","미래에셋증권우","KOSPI","증권","15500","340","2.24","218174125000"
"081660","미스토홀딩스","KOSPI","유통","42750","-1150","-2.62","2269676160000"
"002840","미원상사","KOSPI","화학","120500","-6900","-5.42","572375000000"
"268280","미원에스씨","KOSPI","화학","99700","-5200","-4.96","498500000000"
"107590","미원홀딩스","KOSPI","기타금융","57500","300","0.52","133400000000"
"134380","미원화학","KOSPI","화학","10040","40","0.40","220806507200"
"003650","미창석유","KOSPI","화학","125900","1000","0.80","219024704800"
"377740","바이오노트","KOSPI","제약","4870","60","1.25","496185053760"
"003610","방림","KOSPI","섬유·의류","5270","60","1.15","190785372660"
"035150","백산","KOSPI","화학","10720","100","0.94","214709175520"
"002410","범양건영","KOSPI","건설","1935","0","0.00","53173451700"
"007210","벽산","KOSPI","비금속","1639","105","6.84","107125040000"
"002760","보락","KOSPI","화학","928","14","1.53","55587200000"
"003850","보령","KOSPI","제약","8700","300","3.57","746348700900"
"000890","보해양조","KOSPI","음식료·담배","1345","28","2.13","37154313625"
"003000","부광약품","KOSPI","제약","4475","150","3.47","441524402725"
"001270","부국증권","KOSPI","증권","61900","3800","6.54","641895943400"
"001275","부국증권우","KOSPI","증권","31500","600","1.94","94500000000"
"026940","부국철강","KOSPI","금속","2150","219","11.34","43000000000"
"011390","부산산업","KOSPI","비금속","46950","2150","4.80","49579200000"
"005030","부산주공","KOSPI","운송장비·부품","486","0","0.00","45092532168"
"006740","블루산업개발","KOSPI","종이·목재","5550","0","0.00","26351205750"
"002070","비비안","KOSPI","섬유·의류","7120","220","3.19","17118929280"
"100220","비상교육","KOSPI","오락·문화","5370","0","0.00","69792499170"
"090460","비에이치","KOSPI","전기·전자","26800","1350","5.30","903469218400"
"005180","빙그레","KOSPI","음식료·담배","68400","1100","1.63","634001720400"
"003960","사조대림","KOSPI","음식료·담배","25750","700","2.79","235985025250"
"008040","사조동아원","KOSPI","음식료·담배","928","50","5.69","130982188800"
"007160","사조산업","KOSPI","음식료·담배","43450","1300","3.08","217250000000"
"014710","사조씨푸드","KOSPI","음식료·담배","7240","90","1.26","124662251320"
"006090","사조오양","KOSPI","음식료·담배","8130","-60","-0.73","76606868070"
"062040","산일전기","KOSPI","전기·전자","231500","18500","8.69","7087569275000"
"005610","삼립","KOSPI","음식료·담배","40800","400","0.99","352063567200"
"001470","삼부토건","KOSPI","건설","347","0","0.00","79699592928"
"028050","삼성E&A","KOSPI","일반서비스","47600","2050","4.50","9329600000000"
"448730","삼성FN리츠","KOSPI","부동산","5020","-410","-7.55","457071000000"
"006400","삼성SDI","KOSPI","전기·전자","539000","40500","8.12","43435600670000"
"006405","삼성SDI우","KOSPI","전기·전자","243000","3500","1.46","393148728000"
"006660","삼성공조","KOSPI","운송장비·부품","11850","620","5.52","96296820900"
"028260","삼성물산","KOSPI","유통","432000","22000","5.37","70056394992000"
"02826K","삼성물산우B","KOSPI","유통","226000","9500","4.39","331675340000"
"207940","삼성바이오로직스","KOSPI","제약","1295000","9000","0.70","59946781545000"
"032830","삼성생명","KOSPI","보험","385500","20500","5.62","77100000000000"
"018260","삼성에스디에스","KOSPI","IT 서비스","237000","7500","3.27","18338538600000"
"0126Z0","삼성에피스홀딩스","KOSPI","기타금융","446500","12500","2.88","11110281378500"
"009150","삼성전기","KOSPI","전기·전자","1714000","-91000","-5.04","128024994944000"
"009155","삼성전기우","KOSPI","전기·전자","558000","-12000","-2.11","1622097072000"
"005930","삼성전자","KOSPI","전기·전자","322500","23500","7.86","1885424851080000"
"005935","삼성전자우","KOSPI","전기·전자","207000","13500","6.98","166090839021000"
"001360","삼성제약","KOSPI","제약","1376","36","2.69","129567020704"
"010140","삼성중공업","KOSPI","운송장비·부품","26900","1600","6.32","23672000000000"
"016360","삼성증권","KOSPI","증권","118800","7000","6.26","10608840000000"
"068290","삼성출판사","KOSPI","오락·문화","6740","120","1.81","67400000000"
"029780","삼성카드","KOSPI","기타금융","51500","4350","9.23","5966732886500"
"000810","삼성화재","KOSPI","보험","654000","-9000","-1.36","29199447342000"
"000815","삼성화재우","KOSPI","보험","410000","3500","0.86","1232878200000"
"006110","삼아알미늄","KOSPI","금속","59700","-300","-0.50","902870263500"
"0120G0","삼양바이오팜","KOSPI","제약","50800","1400","2.83","377742196000"
"145990","삼양사","KOSPI","음식료·담배","44050","350","0.80","454307428450"
"145995","삼양사우","KOSPI","음식료·담배","31450","500","1.62","11638701500"
"003230","삼양식품","KOSPI","음식료·담배","1145000","-31000","-2.64","8625302175000"
"272550","삼양패키징","KOSPI","화학","9160","270","3.04","138026598960"
"000070","삼양홀딩스","KOSPI","기타금융","56700","1700","3.09","440172929700"
"003720","삼영","KOSPI","화학","8410","200","2.44","285940000000"
"002810","삼영무역","KOSPI","유통","21650","100","0.46","399809424200"
"005680","삼영전자","KOSPI","전기·전자","13320","200","1.52","266400000000"
"023000","삼원강재","KOSPI","운송장비·부품","2260","10","0.44","89812300560"
"004380","삼익THK","KOSPI","기계·장비","8980","370","4.30","185886000000"
"002450","삼익악기","KOSPI","기타제조","1306","53","4.23","118233374990"
"004440","삼일씨엔에스","KOSPI","비금속","4725","80","1.72","60158449575"
"000520","삼일제약","KOSPI","제약","7260","170","2.40","157482547860"
"009770","삼정펄프","KOSPI","종이·목재","25400","-150","-0.59","63499263400"
"005500","삼진제약","KOSPI","제약","19310","420","2.22","257209200000"
"004690","삼천리","KOSPI","전기·가스","122100","2100","1.75","442829471700"
"010960","삼호개발","KOSPI","건설","3240","115","3.68","78148800000"
"004450","삼화왕관","KOSPI","금속","25100","150","0.60","54074912900"
"009470","삼화전기","KOSPI","전기·전자","32000","850","2.73","211642240000"
"011230","삼화전자","KOSPI","전기·전자","2215","15","0.68","42452213775"
"001820","삼화콘덴서","KOSPI","전기·전자","128200","-5100","-3.83","1332639000000"
"001290","상상인증권","KOSPI","증권","940","47","5.26","101836892800"
"041650","상신브레이크","KOSPI","운송장비·부품","2335","45","1.97","50135835750"
"075180","새론오토모티브","KOSPI","운송장비·부품","3030","5","0.17","58176000000"
"007540","샘표","KOSPI","기타금융","43350","800","1.88","124665930000"
"248170","샘표식품","KOSPI","음식료·담배","23400","500","2.18","106897892400"
"007860","서연","KOSPI","기타금융","8550","240","2.89","200752666200"
"200880","서연이화","KOSPI","운송장비·부품","12290","700","6.04","332179490730"
"017390","서울가스","KOSPI","전기·가스","57000","2100","3.83","282150000000"
"031210","서울보증보험","KOSPI","보험","46400","1800","4.04","3239722147200"
"004410","서울식품","KOSPI","음식료·담배","1043","26","2.56","41151578559"
"004415","서울식품우","KOSPI","음식료·담배","7400","200","2.78","1646130000"
"021050","서원","KOSPI","금속","1131","9","0.80","53693761290"
"008490","서흥","KOSPI","화학","18750","610","3.36","216920868750"
"007610","선도전기","KOSPI","전기·전자","5600","120","2.19","100800000000"
"136490","선진","KOSPI","음식료·담배","9430","180","1.95","224241665720"
"014910","성문전자","KOSPI","전기·전자","2100","0","0.00","45900239700"
"014915","성문전자우","KOSPI","전기·전자","4425","-45","-1.01","2655000000"
"004980","성신양회","KOSPI","비금속","8240","220","2.74","202012441520"
"004985","성신양회우","KOSPI","비금속","10220","-20","-0.20","7518291900"
"000180","성창기업지주","KOSPI","일반서비스","5090","50","0.99","71007128800"
"002420","세기상사","KOSPI","유통","5290","-260","-4.68","31581024920"
"004360","세방","KOSPI","운송·창고","13380","-110","-0.82","255766768140"
"004365","세방우","KOSPI","운송·창고","9550","230","2.47","35232337500"
"004490","세방전지","KOSPI","전기·전자","53300","1200","2.30","738738000000"
"001430","세아베스틸지주","KOSPI","금속","47800","1450","3.13","1714209288200"
"306200","세아제강","KOSPI","금속","141200","2200","1.58","400485560000"
"003030","세아제강지주","KOSPI","기타금융","137700","3700","2.76","570306168900"
"058650","세아홀딩스","KOSPI","금속","131000","6300","5.05","555732916000"
"013000","세우글로벌","KOSPI","유통","1361","35","2.64","39067547191"
"021820","세원정공","KOSPI","운송장비·부품","12000","190","1.61","120000000000"
"067830","세이브존I&C","KOSPI","유통","2455","80","3.37","100755397225"
"075580","세진중공업","KOSPI","운송장비·부품","14690","-200","-1.34","835118508640"
"068270","셀트리온","KOSPI","제약","173000","6800","4.09","38342571972000"
"336370","솔루스첨단소재","KOSPI","전기·전자","12200","1010","9.03","856651596800"
"33637K","솔루스첨단소재1우","KOSPI","전기·전자","1889","98","5.47","31940658974"
"33637L","솔루스첨단소재2우B","KOSPI","전기·전자","2460","60","2.50","9294608160"
"248070","솔루엠","KOSPI","전기·전자","19000","830","4.57","908508484000"
"004430","송원산업","KOSPI","화학","10500","200","1.94","252000000000"
"017550","수산세보틱스","KOSPI","기계·장비","2650","370","16.23","165357694500"
"126720","수산인더스트리","KOSPI","건설","23900","-50","-0.21","341435400000"
"053210","스카이라이프","KOSPI","오락·문화","4465","90","2.06","212189994075"
"026890","스틱인베스트먼트","KOSPI","기타금융","7060","470","7.13","273722109220"
"134790","시디즈","KOSPI","기타제조","18860","460","2.50","37720000000"
"462870","시프트업","KOSPI","IT 서비스","32150","1400","4.55","1885737031000"
"016590","신대양제지","KOSPI","종이·목재","10240","790","8.36","412649676800"
"029530","신도리코","KOSPI","전기·전자","43250","650","1.53","420205279250"
"004970","신라교역","KOSPI","농업, 임업 및 어업","9110","20","0.22","145760000000"
"011930","신성이엔지","KOSPI","전기·전자","20850","650","3.22","429193392750"
"004170","신세계","KOSPI","유통","695000","-19000","-2.66","6564400795000"
"035510","신세계 I&C","KOSPI","IT 서비스","15700","760","5.09","219500130000"
"031430","신세계인터내셔날","KOSPI","유통","15630","1140","7.87","546831180000"
"031440","신세계푸드","KOSPI","일반서비스","43850","-350","-0.79","169808248000"
"006880","신송홀딩스","KOSPI","유통","5290","90","1.73","62574658820"
"005800","신영와코루","KOSPI","섬유·의류","13440","550","4.27","120960000000"
"001720","신영증권","KOSPI","증권","187000","17700","10.45","3074280000000"
"009270","신원","KOSPI","섬유·의류","1099","16","1.48","126132661907"
"002700","신일전자","KOSPI","유통","1147","19","1.68","80344506587"
"002870","신풍","KOSPI","유통","945","28","3.05","33035971500"
"019170","신풍제약","KOSPI","제약","9070","60","0.67","475435994540"
"019175","신풍제약우","KOSPI","제약","14000","210","1.52","27877220000"
"481850","신한글로벌액티브리츠","KOSPI","기타금융","879","9","1.03","38216866656"
"404990","신한서부티엔디리츠","KOSPI","부동산","4180","-25","-0.59","255952201120"
"293940","신한알파리츠","KOSPI","부동산","5510","110","2.04","666380077730"
"055550","신한지주","KOSPI","기타금융","99600","2700","2.79","47275574355600"
"004080","신흥","KOSPI","유통","13760","-10","-0.07","129344000000"
"004770","써니전자","KOSPI","전기·전자","1676","30","1.82","59510466088"
"403550","쏘카","KOSPI","일반서비스","11120","-80","-0.71","421892155040"
"004920","씨아이테크","KOSPI","전기·전자","1121","141","14.39","58493636512"
"112610","씨에스윈드","KOSPI","금속","41500","950","2.34","1750113224500"
"480370","씨케이솔루션","KOSPI","기계·장비","1724","94","5.77","55997947392"
"308170","씨티알모빌리티","KOSPI","운송장비·부품","3650","-45","-1.22","31426500000"
"008700","아남전자","KOSPI","전기·전자","1235","0","0.00","95249152700"
"090430","아모레퍼시픽","KOSPI","화학","112000","200","0.18","6551189008000"
"090435","아모레퍼시픽우","KOSPI","화학","35800","500","1.42","377970314000"
"002790","아모레퍼시픽홀딩스","KOSPI","화학","24650","100","0.41","1884694137000"
"00279K","아모레퍼시픽홀딩스3우C","KOSPI","화학","20900","300","1.46","148226980000"
"002795","아모레퍼시픽홀딩스우","KOSPI","화학","10780","100","0.94","68789034160"
"002030","아세아","KOSPI","일반서비스","197900","4600","2.38","407446810800"
"183190","아세아시멘트","KOSPI","비금속","9970","420","4.40","363969087160"
"002310","아세아제지","KOSPI","종이·목재","7940","360","4.75","313229109400"
"012170","아센디오","KOSPI","오락·문화","1057","13","1.25","21404455058"
"267850","아시아나IDT","KOSPI","IT 서비스","9350","160","1.74","103785000000"
"020560","아시아나항공","KOSPI","운송·창고","7070","250","3.67","1456354326770"
"122900","아이마켓코리아","KOSPI","유통","7740","110","1.44","258739221600"
"010780","아이에스동서","KOSPI","비금속","25650","1050","4.27","774295934400"
"031820","아이티센씨티에스","KOSPI","IT 서비스","6110","160","2.69","73962442060"
"139990","아주스틸","KOSPI","금속","2185","55","2.58","84680579590"
"009320","아진전자부품","KOSPI","운송장비·부품","928","18","1.98","45750186560"
"001780","알루코","KOSPI","금속","2025","100","5.19","196081017300"
"018250","애경산업","KOSPI","화학","12100","400","3.42","319560213500"
"161000","애경케미칼","KOSPI","화학","10910","440","4.20","530757415190"
"011090","에넥스","KOSPI","기타제조","1426","46","3.33","17109615728"
"137310","에스디바이오센서","KOSPI","의료·정밀기기","7150","10","0.14","863356079300"
"005850","에스엘","KOSPI","운송장비·부품","67700","2800","4.31","3144564804000"
"010580","에스엠벡셀","KOSPI","운송장비·부품","2065","-25","-1.20","229734884400"
"012750","에스원","KOSPI","일반서비스","88700","12000","15.65","3370527088600"
"023960","에쓰씨엔지니어링","KOSPI","건설","969","25","2.65","36856859775"
"298690","에어부산","KOSPI","운송·창고","1647","62","3.91","192106080000"
"078520","에이블씨엔씨","KOSPI","화학","10700","-180","-1.65","278351522700"
"015260","에이엔피","KOSPI","전기·전자","550","25","4.76","25914291700"
"007460","에이프로젠","KOSPI","제약","3300","205","6.62","77863278900"
"003060","에이프로젠바이오로직스","KOSPI","제약","2575","75","3.00","37111863050"
"244920","에이플러스에셋","KOSPI","기타금융","10110","240","2.43","228563776230"
"278470","에이피알","KOSPI","화학","394000","-16500","-4.02","14750633070000"
"450080","에코프로머티","KOSPI","전기·전자","56000","3300","6.26","3959513992000"
"019490","엑시큐어하이트론","KOSPI","전기·전자","541","0","0.00","41349858070"
"085310","엔케이","KOSPI","금속","9930","580","6.20","73661474820"
"900140","엘브이엠씨홀딩스","KOSPI","유통","1450","40","2.84","280198626400"
"066970","엘앤에프","KOSPI","전기·전자","134000","8200","6.52","5436104362000"
"097520","엠씨넥스","KOSPI","전기·전자","21250","50","0.24","369781875000"
"484870","엠앤씨솔루션","KOSPI","기계·장비","89500","17500","24.31","819274050000"
"014440","영보화학","KOSPI","화학","4605","70","1.54","92100000000"
"111770","영원무역","KOSPI","유통","82900","2100","2.60","3673420697200"
"009970","영원무역홀딩스","KOSPI","기타금융","186500","1200","0.65","2415886870500"
"003520","영진약품","KOSPI","제약","1265","24","1.93","231359304715"
"000670","영풍","KOSPI","금속","47200","600","1.29","868984237600"
"012280","영화금속","KOSPI","운송장비·부품","841","1","0.12","41650108705"
"012160","영흥","KOSPI","금속","376","0","0.00","29366922392"
"007310","오뚜기","KOSPI","음식료·담배","329500","-10500","-3.09","1320579985000"
"002630","오리엔트바이오","KOSPI","제약","984","6","0.61","58342837968"
"271560","오리온","KOSPI","음식료·담배","135500","-2600","-1.88","5357145886000"
"001800","오리온홀딩스","KOSPI","기타금융","25900","-2050","-7.33","1622516429800"
"005320","온타이드","KOSPI","유통","1084","-26","-2.34","37059623980"
"011690","와이투솔루션","KOSPI","전기·전자","4340","70","1.64","159297069960"
"316140","우리금융지주","KOSPI","기타금융","31150","1000","3.32","22866477368000"
"006980","우성","KOSPI","음식료·담배","17600","90","0.51","54384000000"
"011300","우성머티리얼스","KOSPI","섬유·의류","2535","40","1.60","40195925835"
"017370","우신시스템","KOSPI","기계·장비","4710","130","2.84","86259194340"
"105840","우진","KOSPI","의료·정밀기기","18070","520","2.96","364971896900"
"010400","우진아이엔에스","KOSPI","건설","3760","90","2.45","28658720000"
"049800","우진플라임","KOSPI","기계·장비","1987","127","6.83","39740000000"
"016880","웅진","KOSPI","일반서비스","2000","85","4.44","159854160000"
"095720","웅진씽크빅","KOSPI","일반서비스","1370","63","4.82","77853106450"
"005820","원림","KOSPI","섬유·의류","14250","650","4.78","32746072500"
"008600","윌비스","KOSPI","유통","2620","0","0.00","17615839860"
"033270","유나이티드제약","KOSPI","제약","18500","250","1.37","294349337500"
"014830","유니드","KOSPI","화학","69100","-3900","-5.34","467641160000"
"446070","유니드비티플러스","KOSPI","종이·목재","2435","160","7.03","25838308525"
"000910","유니온","KOSPI","비금속","3150","50","1.61","49176599850"
"047400","유니온머티리얼","KOSPI","비금속","1104","24","2.22","46368000000"
"011330","유니켐","KOSPI","운송장비·부품","396","0","0.00","35714383452"
"077500","유니퀘스트","KOSPI","유통","7990","820","11.44","172584814980"
"002920","유성기업","KOSPI","운송장비·부품","1694","30","1.80","43955065000"
"000700","유수홀딩스","KOSPI","일반서비스","5630","70","1.26","146615401560"
"003470","유안타증권","KOSPI","증권","4985","190","3.96","960510308470"
"003475","유안타증권우","KOSPI","증권","4240","175","4.31","54320208800"
"072130","유엔젤","KOSPI","IT 서비스","5030","-70","-1.37","63858133620"
"000220","유유제약","KOSPI","제약","3960","105","2.72","67448109960"
"000225","유유제약1우","KOSPI","제약","3865","160","4.32","8761684450"
"000227","유유제약2우B","KOSPI","제약","10620","100","0.95","3457447200"
"001200","유진투자증권","KOSPI","증권","4695","300","6.83","454787832510"
"000100","유한양행","KOSPI","제약","77200","800","1.05","6148794797200"
"000105","유한양행우","KOSPI","제약","64000","200","0.31","75580160000"
"003460","유화증권","KOSPI","증권","3165","105","3.43","179463143475"
"003465","유화증권우","KOSPI","증권","3050","155","5.35","53303096250"
"008730","율촌화학","KOSPI","화학","18290","590","3.33","453592000000"
"008250","이건산업","KOSPI","종이·목재","2705","70","2.66","29626877675"
"025820","이구산업","KOSPI","금속","4640","125","2.77","155170880000"
"214320","이노션","KOSPI","일반서비스","21050","450","2.18","842000000000"
"088260","이리츠코크렙","KOSPI","부동산","3580","-120","-3.24","226762892200"
"139480","이마트","KOSPI","유통","88600","200","0.23","2444989563400"
"457190","이수스페셜티케미컬","KOSPI","화학","83300","4100","5.18","2517232037600"
"007660","이수페타시스","KOSPI","전기·전자","122400","-800","-0.65","8985288405600"
"005950","이수화학","KOSPI","화학","16700","1480","9.72","439112622300"
"015020","이스타코","KOSPI","부동산","928","0","0.00","19883142400"
"074610","이엔플러스","KOSPI","기계·장비","5110","0","0.00","44815400070"
"102460","이연제약","KOSPI","제약","9900","0","0.00","184009428900"
"084680","이월드","KOSPI","기타제조","1270","52","4.27","180093865110"
"350520","이지스레지던스리츠","KOSPI","부동산","3470","25","0.73","127925720940"
"334890","이지스밸류플러스리츠","KOSPI","부동산","3505","155","4.63","243417633915"
"000760","이화산업","KOSPI","유통","12580","50","0.40","35224000000"
"014990","인디에프","KOSPI","섬유·의류","480","0","0.00","36054237600"
"101140","인바이오젠","KOSPI","유통","6960","160","2.35","69907743360"
"006490","인스코비","KOSPI","통신","303","6","2.02","44809493148"
"023800","인지컨트롤스","KOSPI","운송장비·부품","5840","180","3.18","92325710480"
"034590","인천도시가스","KOSPI","전기·가스","26200","250","0.96","114618554800"
"129260","인터지스","KOSPI","운송·창고","2010","59","3.02","59793226740"
"023810","인팩","KOSPI","운송장비·부품","5520","230","4.35","55200000000"
"249420","일동제약","KOSPI","제약","19270","700","3.77","609669116040"
"000230","일동홀딩스","KOSPI","제약","7220","220","3.14","83321688000"
"013360","일성건설","KOSPI","건설","1258","56","4.66","67963299040"
"003120","일성아이에스","KOSPI","제약","19970","370","1.89","265601000000"
"003200","일신방직","KOSPI","섬유·의류","10940","270","2.53","251182400000"
"007110","일신석재","KOSPI","유통","1077","49","4.77","83420768970"
"007570","일양약품","KOSPI","제약","8530","330","4.02","162800713920"
"007575","일양약품우","KOSPI","제약","8120","480","6.28","3614049600"
"008500","일정실업","KOSPI","섬유·의류","806","54","7.18","4836000000"
"081000","일진다이아","KOSPI","화학","10660","460","4.51","151403713500"
"020760","일진디스플","KOSPI","전기·전자","902","0","0.00","50984432422"
"103590","일진전기","KOSPI","전기·전자","81800","4000","5.14","3900664902000"
"271940","일진하이솔루스","KOSPI","운송장비·부품","13510","1210","9.84","490591196900"
"015860","일진홀딩스","KOSPI","기타금융","7010","290","4.32","345925855830"
"226320","잇츠한불","KOSPI","화학","9770","50","0.51","214249407550"
"317400","자이에스앤디","KOSPI","부동산","3680","265","7.76","142719673600"
"033240","자화전자","KOSPI","전기·전자","35050","50","0.14","757272845100"
"000950","전방","KOSPI","섬유·의류","27200","550","2.06","45696000000"
"079900","전진건설로봇","KOSPI","기계·장비","57200","6500","12.82","834693574000"
"348950","제이알글로벌리츠","KOSPI","부동산","1182","0","0.00","233298432000"
"194370","제이에스코퍼레이션","KOSPI","섬유·의류","11490","-210","-1.79","333402549420"
"030000","제일기획","KOSPI","일반서비스","20450","1140","5.90","2352593051250"
"271980","제일약품","KOSPI","제약","10230","80","0.79","150430840560"
"001560","제일연마","KOSPI","비금속","9840","40","0.41","74784000000"
"002620","제일파마홀딩스","KOSPI","일반서비스","7150","50","0.70","114209488250"
"006220","제주은행","KOSPI","은행","12290","20","0.16","464544265530"
"089590","제주항공","KOSPI","운송·창고","4340","190","4.58","349981874900"
"004910","조광페인트","KOSPI","화학","3540","40","1.14","45312000000"
"004700","조광피혁","KOSPI","섬유·의류","62600","1800","2.96","416236038800"
"001550","조비","KOSPI","화학","10700","310","2.98","55556957300"
"462520","조선내화","KOSPI","비금속","14490","280","1.97","171781384320"
"120030","조선선재","KOSPI","금속","89100","2100","2.41","112056704100"
"018470","조일알미늄","KOSPI","금속","1139","36","3.26","144233530219"
"002600","조흥","KOSPI","음식료·담배","137500","100","0.07","82500000000"
"185750","종근당","KOSPI","제약","70800","1000","1.43","977236824000"
"063160","종근당바이오","KOSPI","제약","15950","360","2.31","87501093900"
"001630","종근당홀딩스","KOSPI","제약","41550","700","1.71","208159724550"
"109070","주성코퍼레이션","KOSPI","전기·전자","1500","-12","-0.79","79215345000"
"044380","주연테크","KOSPI","전기·전자","1498","61","4.24","19318681368"
"013890","지누스","KOSPI","기타제조","9610","250","2.67","210707062930"
"013870","지엠비코리아","KOSPI","운송장비·부품","3990","65","1.66","76098397200"
"071320","지역난방공사","KOSPI","전기·가스","71500","1400","2.00","827880196000"
"088790","진도","KOSPI","유통","2620","85","3.35","32613089280"
"003780","진양산업","KOSPI","화학","5350","50","0.94","69550000000"
"010640","진양폴리","KOSPI","화학","2215","15","0.68","36990500000"
"100250","진양홀딩스","KOSPI","화학","2955","10","0.34","188824500000"
"051630","진양화학","KOSPI","화학","2180","-90","-3.96","46216000000"
"272450","진에어","KOSPI","운송·창고","5510","240","4.55","287622000000"
"011000","진원생명과학","KOSPI","제약","918","0","0.00","83430508626"
"002780","진흥기업","KOSPI","건설","896","22","2.52","130342683520"
"002787","진흥기업2우B","KOSPI","건설","7540","-480","-5.99","2222852320"
"002785","진흥기업우B","KOSPI","건설","3140","140","4.67","2691664520"
"025620","차AI헬스케어","KOSPI","화학","6420","110","1.74","116869506660"
"009310","참엔지니어링","KOSPI","기계·장비","5330","0","0.00","23329484620"
"000650","천일고속","KOSPI","운송·창고","195000","-700","-0.36","278697900000"
"033250","체시스","KOSPI","운송장비·부품","4420","110","2.55","28288000000"
"035720","카카오","KOSPI","IT 서비스","41500","2200","5.60","18333229157000"
"323410","카카오뱅크","KOSPI","은행","23750","350","1.50","11331610378750"
"377300","카카오페이","KOSPI","기타금융","44650","-150","-0.33","6039192678750"
"006380","카프로","KOSPI","화학","3660","0","0.00","618539985360"
"279570","케이뱅크","KOSPI","은행","6570","350","5.63","2665417142070"
"001620","케이비아이동국실업","KOSPI","운송장비·부품","2465","90","3.79","54867463790"
"029460","케이씨","KOSPI","의료·정밀기기","33450","2000","6.36","368636895750"
"281820","케이씨텍","KOSPI","의료·정밀기기","87100","10700","14.01","1724463373100"
"381970","케이카","KOSPI","유통","9520","1000","11.74","464774472960"
"145270","케이탑리츠","KOSPI","부동산","759","9","1.20","36478127466"
"417310","코람코더원리츠","KOSPI","부동산","10210","-10","-0.10","412484000000"
"357120","코람코라이프인프라리츠","KOSPI","부동산","4100","305","8.04","399074951400"
"007815","코리아써우","KOSPI","전기·전자","27450","1450","5.58","81380740500"
"007810","코리아써키트","KOSPI","전기·전자","134400","-4800","-3.45","3223264128000"
"00781K","코리아써키트2우B","KOSPI","전기·전자","22900","1050","4.81","17946707100"
"003690","코리안리","KOSPI","보험","13580","90","0.67","2399871600980"
"192820","코스맥스","KOSPI","화학","168600","2700","1.63","1913527217400"
"044820","코스맥스비티아이","KOSPI","기타금융","17760","-30","-0.17","170565636960"
"005070","코스모신소재","KOSPI","화학","45050","2200","5.13","1496316423550"
"005420","코스모화학","KOSPI","화학","12970","700","5.70","498154717160"
"071950","코아스","KOSPI","기타제조","2085","-370","-15.07","25977421575"
"002020","코오롱","KOSPI","기타금융","51400","-200","-0.39","663454752000"
"003070","코오롱글로벌","KOSPI","건설","9280","180","1.98","235934339520"
"003075","코오롱글로벌우","KOSPI","건설","13600","90","0.67","10074023200"
"002025","코오롱우","KOSPI","기타금융","24300","350","1.46","28198619100"
"120110","코오롱인더","KOSPI","화학","73800","1900","2.64","2210017161600"
"120115","코오롱인더우","KOSPI","화학","25750","700","2.79","71272395000"
"021240","코웨이","KOSPI","일반서비스","89000","-3000","-3.26","6298300914000"
"036420","콘텐트리중앙","KOSPI","오락·문화","4995","555","12.50","96215228460"
"024720","콜마홀딩스","KOSPI","기타금융","8210","20","0.24","281572286390"
"192400","쿠쿠홀딩스","KOSPI","기타금융","25850","-150","-0.58","919282482250"
"284740","쿠쿠홈시스","KOSPI","일반서비스","22500","-50","-0.22","504839925000"
"264900","크라운제과","KOSPI","음식료·담배","8420","390","4.86","105450817000"
"26490K","크라운제과우","KOSPI","음식료·담배","8200","140","1.74","6343192000"
"005740","크라운해태홀딩스","KOSPI","기타금융","5870","160","2.80","87153926890"
"005745","크라운해태홀딩스우","KOSPI","기타금융","6200","290","4.91","3724501200"
"259960","크래프톤","KOSPI","IT 서비스","237000","4000","1.72","10934467341000"
"020120","키다리스튜디오","KOSPI","IT 서비스","3315","65","2.00","122866384290"
"039490","키움증권","KOSPI","증권","363500","22000","6.44","9533992866000"
"014580","태경비케이","KOSPI","비금속","4100","135","3.40","113090710000"
"015890","태경산업","KOSPI","화학","4795","110","2.35","140151856250"
"006890","태경케미컬","KOSPI","화학","6460","80","1.25","74936000000"
"003240","태광산업","KOSPI","화학","946000","44000","4.88","1053276400000"
"011280","태림포장","KOSPI","종이·목재","2050","128","6.66","145152177000"
"004100","태양금속","KOSPI","운송장비·부품","3130","100","3.30","114871000000"
"004105","태양금속우","KOSPI","운송장비·부품","3875","225","6.16","12787500000"
"009410","태영건설","KOSPI","건설","1770","25","1.43","526734438060"
"009415","태영건설우","KOSPI","건설","10300","1940","23.21","6694732200"
"001420","태원물산","KOSPI","운송장비·부품","2350","80","3.52","17860000000"
"055490","테이팩스","KOSPI","화학","17790","680","3.97","84852073500"
"078000","텔코웨어","KOSPI","IT 서비스","14280","300","2.15","131948299560"
"214420","토니모리","KOSPI","화학","5630","190","3.49","135428518370"
"091810","트리니티항공","KOSPI","운송·창고","789","49","6.62","325832923665"
"019180","티에이치엔","KOSPI","전기·전자","7210","330","4.80","129780000000"
"217590","티엠씨","KOSPI","전기·전자","21700","-550","-2.47","522844682500"
"363280","티와이홀딩스","KOSPI","기타금융","2040","100","5.15","92814559320"
"36328K","티와이홀딩스우","KOSPI","기타금융","3100","80","2.65","3642341900"
"004870","티웨이홀딩스","KOSPI","비금속","279","12","4.49","31572614826"
"034230","파라다이스","KOSPI","오락·문화","15000","240","1.63","1389440730000"
"005690","파미셀","KOSPI","전기·전자","14690","880","6.37","881458965660"
"036580","팜스코","KOSPI","음식료·담배","2670","100","3.89","98063607810"
"004720","팜젠사이언스","KOSPI","제약","3195","75","2.40","72380696175"
"028670","팬오션","KOSPI","운송·창고","5190","195","3.90","2774415767280"
"010820","퍼스텍","KOSPI","금속","7800","140","1.83","380421116400"
"016800","퍼시스","KOSPI","기타제조","26800","-1150","-4.11","308200000000"
"001020","페이퍼코리아","KOSPI","종이·목재","2335","70","3.09","83118205770"
"090080","평화산업","KOSPI","운송장비·부품","899","39","4.53","49357130841"
"010770","평화홀딩스","KOSPI","운송장비·부품","4280","-30","-0.70","62596994480"
"022100","포스코DX","KOSPI","일반서비스","27950","850","3.14","4249370675550"
"058430","포스코스틸리온","KOSPI","금속","5610","420","8.09","336600000000"
"047050","포스코인터내셔널","KOSPI","유통","59400","1300","2.24","10449813607200"
"003670","포스코퓨처엠","KOSPI","전기·전자","199400","14700","7.96","17735876268000"
"017810","풀무원","KOSPI","음식료·담배","10060","230","2.34","383492652520"
"103140","풍산","KOSPI","금속","73900","4000","5.72","2070994144200"
"005810","풍산홀딩스","KOSPI","기타금융","37300","1750","4.92","537764991600"
"950210","프레스티지바이오파마","KOSPI","일반서비스","6960","420","6.42","418269238800"
"009810","플레이그램","KOSPI","유통","1902","13","0.69","28889002500"
"086790","하나금융지주","KOSPI","기타금융","121000","6200","5.40","33198497508000"
"293480","하나제약","KOSPI","제약","9160","260","2.92","162800185360"
"039130","하나투어","KOSPI","일반서비스","35750","1250","3.62","553765069000"
"352820","하이브","KOSPI","오락·문화","225000","7000","3.21","9698006025000"
"071090","하이스틸","KOSPI","금속","3175","165","5.48","64107920425"
"000080","하이트진로","KOSPI","음식료·담배","16340","-90","-0.55","1145983203740"
"000087","하이트진로2우B","KOSPI","음식료·담배","12890","70","0.55","14567478820"
"000140","하이트진로홀딩스","KOSPI","기타금융","8470","420","5.22","196561299550"
"000145","하이트진로홀딩스우","KOSPI","기타금융","9520","120","1.28","4482111200"
"036460","한국가스공사","KOSPI","전기·가스","36200","450","1.26","3341730600000"
"005430","한국공항","KOSPI","운송·창고","87900","8700","10.98","278322604500"
"071050","한국금융지주","KOSPI","기타금융","240500","10500","4.57","13402101076000"
"071055","한국금융지주우","KOSPI","기타금융","164000","2800","1.74","960753164000"
"010040","한국내화","KOSPI","비금속","1610","103","6.83","66117969820"
"025540","한국단자","KOSPI","전기·전자","72900","-3200","-4.20","737383500000"
"010100","한국무브넥스","KOSPI","운송장비·부품","3860","200","5.46","117538621200"
"004090","한국석유","KOSPI","비금속","12140","-20","-0.16","154106616800"
"002200","한국수출포장","KOSPI","종이·목재","2545","45","1.80","85257349845"
"002960","한국쉘석유","KOSPI","화학","515000","21000","4.25","669500000000"
"000240","한국앤컴퍼니","KOSPI","기타금융","27300","1450","5.61","2591732052000"
"123890","한국자산신탁","KOSPI","기타금융","2295","-100","-4.18","280848160170"
"015760","한국전력","KOSPI","전기·가스","37650","1750","4.87","24169947499050"
"006200","한국전자홀딩스","KOSPI","기타금융","2485","110","4.63","23261158095"
"027970","한국제지","KOSPI","종이·목재","615","-5","-0.81","116942692800"
"023350","한국종합기술","KOSPI","일반서비스","4530","170","3.90","49603500000"
"025890","한국주강","KOSPI","기계·장비","2070","126","6.48","23069355120"
"000970","한국주철관","KOSPI","금속","6750","70","1.05","153903375000"
"104700","한국철강","KOSPI","금속","8750","230","2.70","318937500000"
"017960","한국카본","KOSPI","금속","31750","500","1.60","1640728430500"
"161890","한국콜마","KOSPI","화학","86400","300","0.35","2039478652800"
"161390","한국타이어앤테크놀로지","KOSPI","화학","72000","900","1.27","8919004968000"
"034830","한국토지신탁","KOSPI","기타금융","1251","41","3.39","315864026730"
"007280","한국특강","KOSPI","금속","2180","40","1.87","62449457200"
"047810","한국항공우주","KOSPI","운송장비·부품","140900","-1000","-0.70","13734242576300"
"123690","한국화장품","KOSPI","유통","6980","270","4.02","112154640000"
"003350","한국화장품제조","KOSPI","화학","8290","70","0.85","187851400000"
"011500","한농화성","KOSPI","화학","16730","840","5.29","261607712660"
"002390","한독","KOSPI","제약","7880","80","1.03","108456640040"
"053690","한미글로벌","KOSPI","일반서비스","19340","1560","8.77","211919017000"
"042700","한미반도체","KOSPI","기계·장비","361000","70000","24.05","34407704200000"
"008930","한미사이언스","KOSPI","기타금융","30100","300","1.01","2058585655000"
"128940","한미약품","KOSPI","제약","411000","0","0.00","5265317301000"
"009240","한샘","KOSPI","유통","33200","900","2.79","781326409600"
"020000","한섬","KOSPI","섬유·의류","22600","400","1.80","485380064400"
"003680","한성기업","KOSPI","음식료·담배","4590","55","1.21","28501673850"
"105630","한세실업","KOSPI","섬유·의류","8690","200","2.36","347600000000"
"069640","한세엠케이","KOSPI","유통","1074","88","8.92","24061091574"
"016450","한세예스24홀딩스","KOSPI","섬유·의류","4500","200","4.65","180000000000"
"009180","한솔로지스틱스","KOSPI","운송·창고","2825","75","2.73","79540205625"
"213500","한솔제지","KOSPI","종이·목재","6500","180","2.85","154703744000"
"014680","한솔케미칼","KOSPI","화학","282500","-13500","-4.56","3212080087500"
"004710","한솔테크닉스","KOSPI","전기·전자","12130","590","5.11","492836041210"
"004150","한솔홀딩스","KOSPI","기타금융","3530","15","0.43","144823968600"
"025750","한솔홈데코","KOSPI","종이·목재","1993","113","6.01","32113266797"
"004960","한신공영","KOSPI","건설","10700","470","4.59","123806511400"
"011700","한신기계","KOSPI","기계·장비","2770","85","3.17","89875838270"
"001750","한양증권","KOSPI","증권","22850","850","3.86","290847001900"
"001755","한양증권우","KOSPI","증권","23300","-200","-0.85","12232500000"
"018880","한온시스템","KOSPI","기계·장비","4700","470","11.11","4823433994400"
"009420","한올바이오파마","KOSPI","제약","51500","-1500","-2.83","2690392857000"
"014130","한익스프레스","KOSPI","운송·창고","2250","0","0.00","27000000000"
"300720","한일시멘트","KOSPI","비금속","14500","570","4.09","1066405530500"
"002220","한일철강","KOSPI","금속","5900","160","2.79","157515014000"
"003300","한일홀딩스","KOSPI","비금속","16630","390","2.40","512726913720"
"051600","한전KPS","KOSPI","건설","63900","14600","29.61","2875500000000"
"052690","한전기술","KOSPI","일반서비스","151300","34900","29.98","5782686000000"
"130660","한전산업","KOSPI","일반서비스","13510","890","7.05","440426000000"
"002320","한진","KOSPI","운송·창고","16580","520","3.24","257298653280"
"003480","한진중공업홀딩스","KOSPI","전기·가스","5010","70","1.42","147944358120"
"180640","한진칼","KOSPI","기타금융","119900","1500","1.27","8004797252100"
"18064K","한진칼우","KOSPI","기타금융","28800","300","1.05","15458860800"
"005110","한창","KOSPI","유통","1254","0","0.00","26467434378"
"009460","한창제지","KOSPI","종이·목재","2290","25","1.10","27327708130"
"372910","한컴라이프케어","KOSPI","의료·정밀기기","1983","17","0.86","54878347098"
"000880","한화","KOSPI","화학","116300","-1300","-1.11","8200070979700"
"00088K","한화3우B","KOSPI","화학","40200","0","0.00","780058528200"
"452260","한화갤러리아","KOSPI","유통","2745","205","8.07","532144629450"
"45226K","한화갤러리아우","KOSPI","유통","5590","280","5.27","16235987300"
"451800","한화리츠","KOSPI","부동산","4500","-520","-10.36","808200000000"
"489790","한화비전","KOSPI","전기·전자","75300","5000","7.11","3801775767000"
"088350","한화생명","KOSPI","보험","4970","220","4.63","4316594100000"
"000370","한화손해보험","KOSPI","보험","6500","250","4.00","758802947500"
"009830","한화솔루션","KOSPI","화학","37000","50","0.14","6360023832000"
"009835","한화솔루션우","KOSPI","화학","21900","1050","5.04","56400143100"
"272210","한화시스템","KOSPI","전기·전자","96000","7400","8.35","18136261344000"
"012450","한화에어로스페이스","KOSPI","운송장비·부품","1078000","64000","6.31","55585346278000"
"082740","한화엔진","KOSPI","기계·장비","53900","3800","7.58","4497800953800"
"042660","한화오션","KOSPI","운송장비·부품","112700","8200","7.85","34532789503800"
"003530","한화투자증권","KOSPI","증권","5850","370","6.75","1255104483750"
"003535","한화투자증권우","KOSPI","증권","7070","270","3.97","33936000000"
"195870","해성디에스","KOSPI","전기·전자","78500","-2400","-2.97","1334500000000"
"101530","해태제과식품","KOSPI","음식료·담배","5850","260","4.65","170333408700"
"143210","핸즈코퍼레이션","KOSPI","운송장비·부품","1199","0","0.00","26229020653"
"000720","현대건설","KOSPI","건설","157500","34800","28.36","17538532987500"
"000725","현대건설우","KOSPI","건설","55200","2900","5.54","58219053600"
"453340","현대그린푸드","KOSPI","유통","17780","560","3.25","577344816860"
"086280","현대글로비스","KOSPI","운송·창고","208500","12700","6.49","15637500000000"
"064350","현대로템","KOSPI","운송장비·부품","208500","20100","10.67","22756168090500"
"079430","현대리바트","KOSPI","기타제조","6450","280","4.54","129736602900"
"012330","현대모비스","KOSPI","운송장비·부품","607000","31000","5.38","55074677881000"
"069960","현대백화점","KOSPI","유통","177300","-9800","-5.24","3823458897600"
"004560","현대비앤지스틸","KOSPI","금속","14030","1520","12.15","211555718330"
"004310","현대약품","KOSPI","제약","5730","0","0.00","183360000000"
"017800","현대엘리베이터","KOSPI","기계·장비","79900","500","0.63","3123481561500"
"307950","현대오토에버","KOSPI","IT 서비스","684000","-26000","-3.66","18758003688000"
"011210","현대위아","KOSPI","운송장비·부품","76900","5300","7.40","2091301882700"
"004020","현대제철","KOSPI","금속","34950","2800","8.71","4663930185750"
"005440","현대지에프홀딩스","KOSPI","기타금융","13780","520","3.92","2148361267780"
"005380","현대차","KOSPI","운송장비·부품","607000","10000","1.68","124287963962000"
"005387","현대차2우B","KOSPI","운송장비·부품","241000","5500","2.34","8426307130000"
"005389","현대차3우B","KOSPI","운송장비·부품","233000","9000","4.02","542296316000"
"005385","현대차우","KOSPI","운송장비·부품","241500","7000","2.99","5636841840000"
"001500","현대차증권","KOSPI","증권","9310","430","4.84","575665639640"
"011760","현대코퍼레이션","KOSPI","유통","24800","300","1.22","328078356800"
"227840","현대코퍼레이션홀딩스","KOSPI","유통","12100","100","0.83","110120115600"
"126560","현대퓨처넷","KOSPI","통신","3125","90","2.97","341253250000"
"001450","현대해상","KOSPI","보험","39250","1450","3.84","3345993812500"
"057050","현대홈쇼핑","KOSPI","유통","81400","2700","3.43","976800000000"
"093240","형지엘리트","KOSPI","섬유·의류","704","18","2.62","43218742336"
"003010","혜인","KOSPI","유통","5050","350","7.45","64199372350"
"111110","호전실업","KOSPI","섬유·의류","6640","130","2.00","60198240000"
"008770","호텔신라","KOSPI","유통","55500","-200","-0.36","2178270715500"
"008775","호텔신라우","KOSPI","유통","32950","650","2.01","24774413050"
"378850","화승알앤에이","KOSPI","운송장비·부품","3080","55","1.82","58500358840"
"241590","화승엔터프라이즈","KOSPI","섬유·의류","3715","-20","-0.54","225089160340"
"006060","화승인더","KOSPI","유통","2750","15","0.55","152130000000"
"013520","화승코퍼레이션","KOSPI","운송장비·부품","2465","40","1.65","123376336180"
"010690","화신","KOSPI","운송장비·부품","10330","360","3.61","360727835300"
"133820","화인베스틸","KOSPI","금속","1080","9","0.84","40083662160"
"010660","화천기계","KOSPI","기계·장비","2895","75","2.66","63690000000"
"000850","화천기공","KOSPI","기계·장비","33200","900","2.79","73040000000"
"016580","환인제약","KOSPI","제약","10220","20","0.20","190092715400"
"032560","황금에스티","KOSPI","금속","5460","10","0.18","92820000000"
"004800","효성","KOSPI","기타금융","181200","4300","2.43","3033361748400"
"094280","효성ITX","KOSPI","일반서비스","12240","190","1.58","141472368000"
"298040","효성중공업","KOSPI","전기·전자","3376000","130000","4.00","31479674048000"
"298020","효성티앤씨","KOSPI","화학","336500","12000","3.70","1456264993000"
"298000","효성화학","KOSPI","화학","38900","0","0.00","147501447900"
"093370","후성","KOSPI","화학","19010","3240","20.55","2038923823300"
"005870","휴니드","KOSPI","전기·전자","5600","20","0.36","79049684000"
"079980","휴비스","KOSPI","화학","2035","60","3.04","70207500000"
"005010","휴스틸","KOSPI","금속","4630","40","0.87","260150787250"
"000540","흥국화재","KOSPI","보험","3650","-5","-0.14","234485654250"
"000545","흥국화재우","KOSPI","보험","6030","-50","-0.82","4631040000"
"003280","흥아해운","KOSPI","운송·창고","1811","-40","-2.16","435409492089"